"seqid"	"source"	"type"	"start"	"end"	"score"	"strand"	"phase"	"gene"	"annotation"
"3"	"ON563414.3"	"Genbank"	"gene"	852	1592	NA	"-"	NA	"J1L"	"CC-chemokine binding Chemokine binding protein (Cop-C23L) J1L most abundant secreted protein similar to Vaccinia virus strain Copenhagen C23L"
"5"	"ON563414.3"	"Genbank"	"gene"	1719	2768	NA	"-"	NA	"J2L"	"J2L TNF receptor (CrmB) (Cop-C22L)"
"7"	"ON563414.3"	"Genbank"	"gene"	2858	4624	NA	"-"	NA	"J3L"	"Ankyrin (Cop-C19L) J3L"
"9"	"ON563414.3"	"Genbank"	"gene"	4860	6173	NA	"-"	NA	"D1L"	"Ankyrin (CPXV-017) D1L"
"11"	"ON563414.3"	"Genbank"	"gene"	6942	7160	NA	"-"	NA	"D2L"	"D2L"
"13"	"ON563414.3"	"Genbank"	"gene"	7597	8025	NA	"+"	NA	"D3R"	"D3R Secreted EGF-like protein (Cop-C11R) secreted growth factor similar to Vaccinia virus strain Copenhagen C11R"
"15"	"ON563414.3"	"Genbank"	"gene"	9006	9119	NA	"-"	NA	"D4L"	"D4L"
"17"	"ON563414.3"	"Genbank"	"gene"	9604	10332	NA	"+"	NA	"D5R"	"D5R Zinc finger-like protein inhibition of apoptosis induced by UV irradiation virosome localization virulence factor zinc binding"
"19"	"ON563414.3"	"Genbank"	"gene"	10495	10875	NA	"-"	NA	"D6L"	"D6L Soluble IL-18 binding protein (Bsh-D7L) secreted IL-18 binding protein"
"21"	"ON563414.3"	"Genbank"	"gene"	10935	12917	NA	"-"	NA	"D7L"	"Ankyrin/Host Range (Bang-D8L) D7L ankyrin-like host range"
"23"	"ON563414.3"	"Genbank"	"gene"	13051	13245	NA	"-"	NA	"D8L"	"ANK-containing protein D8L"
"25"	"ON563414.3"	"Genbank"	"gene"	13392	15284	NA	"-"	NA	"D9L"	"Ankyrin D9L Type I IFN resistance (Cop-C9L) ankyrin-like similar to Vaccinia virus strain Copenhagen C9L"
"27"	"ON563414.3"	"Genbank"	"gene"	15942	16394	NA	"-"	NA	"D10L"	"D10L Type 1 IFN inhibitor (Cop-C7L) host range similar to Vaccinia virus strain Copenhagen C7L"
"29"	"ON563414.3"	"Genbank"	"gene"	16619	17086	NA	"-"	NA	"D11L"	"Bcl-2-like protein%2C IFN-beta inhibitor (Cop-C6L) D11L similar to Vaccinia virus strain Copenhagen C6L"
"31"	"ON563414.3"	"Genbank"	"gene"	17230	17850	NA	"-"	NA	"D12L"	"BTB domain of kelch-like protein D12L Kelch-like protein (Cop-C5L) similar to Vaccinia virus strain Copenhagen C5L"
"33"	"ON563414.3"	"Genbank"	"gene"	17895	18845	NA	"-"	NA	"D13L"	"D13L IL-1 receptor antagonist (Cop-C10L) similar to Vaccinia virus strain Copenhagen C4L"
"35"	"ON563414.3"	"Genbank"	"gene"	18776	19156	NA	"-"	NA	"D18L"	"D18L POZ/BTB Kelch domain protein (Cop-C2L) kelch-like fragment"
"37"	"ON563414.3"	"Genbank"	"gene"	19378	20022	NA	"-"	NA	"D19L"	"D19L Putative TLR signalling inhibitor (Cop-C1L) similar to Vaccinia virus strain Copenhagen C1L"
"39"	"ON563414.3"	"Genbank"	"gene"	20068	20421	NA	"-"	NA	"P1L"	"Anti-apoptotic Bcl-2-like protein (Cop-N1L) P1L secreted virulence factor similar to Vaccinia virus strain Copenhagen N1L"
"41"	"ON563414.3"	"Genbank"	"gene"	20548	21081	NA	"-"	NA	"P2L"	"Alpha amanatin target protein (Cop-N2L) P2L similar to Vaccinia virus strain Copenhagen N2L"
"43"	"ON563414.3"	"Genbank"	"gene"	21122	22450	NA	"-"	NA	"O1L"	"ANK-containing protein O1L ankyrin-like apoptosis inihibitor (Cop-M1L) similar to Vaccinia virus strain Copenhagen M1L"
"45"	"ON563414.3"	"Genbank"	"gene"	22514	23176	NA	"-"	NA	"O2L"	"NFkB inhibitor (Cop-M2L) O2L similar to Vaccinia virus strain Copenhagen M2L"
"47"	"ON563414.3"	"Genbank"	"gene"	23281	24135	NA	"-"	NA	"C1L"	"Ankyrin/NFkB inhibitor (Cop-K1L) C1L ankyrin-like host range similar to Vaccinia virus strain Copenhagen K1L"
"49"	"ON563414.3"	"Genbank"	"gene"	24368	25495	NA	"-"	NA	"C2L"	"C2L SPI-3 Serpin 1%2C2%2C3 (Cop-K2L) inhibition of the ability of infected cells to fuse serine protease inhibitor-like%2C SPI-3 similar to Vaccinia virus strain Copenhagen K2L"
"51"	"ON563414.3"	"Genbank"	"gene"	25653	25784	NA	"-"	NA	"C3L"	"IFN resistance%2C PKR/eIF-alpha inhibitor (Cop-K3 L)C3L"
"53"	"ON563414.3"	"Genbank"	"gene"	25840	27114	NA	"-"	NA	"C4L"	"C4L Phospholipase-D-like protein (Cop-K4L) phospholipase D-like similar to Vaccinia virus strain Copenhagen K4L"
"55"	"ON563414.3"	"Genbank"	"gene"	27142	27972	NA	"-"	NA	"C5L"	"C5L Monoglyceride lipase (Cop-K5L) lysophospholipase-like"
"57"	"ON563414.3"	"Genbank"	"gene"	28108	28557	NA	"+"	NA	"C6R"	"C6R Host immune response repressor (Cop-K7R) VAC B15R-like similar to Vaccinia virus strain Copenhagen K7R"
"59"	"ON563414.3"	"Genbank"	"gene"	28620	29279	NA	"-"	NA	"C7L"	"C7L Caspase-9 (apoptosis) inhibitor (mitochondrial- associated) (Cop-F1L) similar to Vaccinia virus strain Copenhagen F1L"
"61"	"ON563414.3"	"Genbank"	"gene"	29291	29746	NA	"-"	NA	"C8L"	"C8L dUTPase (Cop-F2L) deoxyuridine triphosphatase similar to Vaccinia virus strain Copenhagen F2L"
"63"	"ON563414.3"	"Genbank"	"gene"	29763	31211	NA	"-"	NA	"C9L"	"C9L Kelch-like protein (Cop-F3L) kelch-like similar to Vaccinia virus strain Copenhagen F3L"
"65"	"ON563414.3"	"Genbank"	"gene"	31222	32181	NA	"-"	NA	"C10L"	"C10L Ribonucleotide reductase small subunit (Cop-F4L) ribonucleotide reductase%2C small subunit%2C R2 similar to Vaccinia virus strain Copenhagen F4L"
"67"	"ON563414.3"	"Genbank"	"gene"	32212	33168	NA	"-"	NA	"C11L"	"36kDa major membrane protein (Cop-F5L) C11L similar to Vaccinia virus strain Copenhagen F5L"
"69"	"ON563414.3"	"Genbank"	"gene"	33198	33425	NA	"-"	NA	"C12L"	"C12L Hypothetical protein (Cop-F6L) similar to Vaccinia virus strain Copenhagen F6L"
"71"	"ON563414.3"	"Genbank"	"gene"	33442	33666	NA	"-"	NA	"C13L"	"C13L Hypothetical protein (Cop-F7L) similar to Vaccinia virus strain Copenhagen F7L"
"73"	"ON563414.3"	"Genbank"	"gene"	33818	34012	NA	"-"	NA	"C14L"	"C14L Cytoplasmic protein (Cop-F8L) similar to Vaccinia virus strain Copenhagen F8L"
"75"	"ON563414.3"	"Genbank"	"gene"	34069	34707	NA	"-"	NA	"C15L"	"C15L S-S bond formation pathway protein substrate (Cop-F9L) similar to Vaccinia virus strain Copenhagen F9L"
"77"	"ON563414.3"	"Genbank"	"gene"	34694	36013	NA	"-"	NA	"C16L"	"C16L Essential Ser/Thr kinase morph (Cop-F10L) serine similar to Vaccinia virus strain Copenhagen F10L"
"79"	"ON563414.3"	"Genbank"	"gene"	36036	37100	NA	"-"	NA	"C17L"	"C17L RhoA signalling inhibitor%2C virus release protein (Cop-F11L) similar to Vaccinia virus strain Copenhagen F11L"
"81"	"ON563414.3"	"Genbank"	"gene"	37144	39051	NA	"-"	NA	"C18L"	"C18L EEV maturation protein (Cop-F12L) actin tailformation similar toVaccinia virus strain Copenhagen F12L"
"83"	"ON563414.3"	"Genbank"	"gene"	39094	40212	NA	"-"	NA	"C19L"	"Palmitylated EEV membrane glycoprotein (Cop-F13 L)C19L phospholipase D-like similar to Vaccinia virus strain Copenhagen F13Lmajor envelope antigen of EEV wrapping of IMV to formIEV"
"85"	"ON563414.3"	"Genbank"	"gene"	40230	40451	NA	"-"	NA	"C20L"	"C20L Unknown (Cop-F14L) similar to Vaccinia virusstrain Copenhagen F14L"
"87"	"ON563414.3"	"Genbank"	"gene"	40501	40650	NA	"-"	NA	"C20.5L"	"IMV protein (Cop-F14.5L)"
"89"	"ON563414.3"	"Genbank"	"gene"	40723	41199	NA	"-"	NA	"C21L"	"C21L Unknown conserved protein (Cop-F15L) similarto Vaccinia virus strain Copenhagen F15L"
"91"	"ON563414.3"	"Genbank"	"gene"	41206	41901	NA	"-"	NA	"C22L"	"C22Lsimilar to Vaccinia virus strain Copenhagen F16L Non-functional Serine Recombinase (Cop-F16L)"
"93"	"ON563414.3"	"Genbank"	"gene"	41964	42269	NA	"+"	NA	"C23R"	"C23R DNA-binding phosphoprotein (VP11) mTOR antagonist (Cop-F17R) similar to Vaccinia virus strain Copenhagen F17R virion core DNA-binding phosphoprotein"
"95"	"ON563414.3"	"Genbank"	"gene"	42266	43705	NA	"-"	NA	"F1L"	"F1L Poly (A) polymerase catalytic subunit (VP55) (Cop-E1L) poly-A polymerase%2C catalytic subunit similar to Vaccinia virus strain Copenhagen E1L"
"97"	"ON563414.3"	"Genbank"	"gene"	43702	45915	NA	"-"	NA	"F2L"	"F2L IEV morphogenesis (Cop-E2L) similar to Vaccinia virus strain Copenhagen E2L"
"99"	"ON563414.3"	"Genbank"	"gene"	46039	46500	NA	"-"	NA	"F3L"	"F3L dsRNA-binding protein%2C IFN resistance/PKR inhibitor(Z-DNA binding) (Cop-E3L) interferon resistance factor similar to Vaccinia virusstrain Copenhagen E3L twoforms (25 kDa and 19 kDa) of the dsRNA-binding proteininhibition of dsRNA-dependent protein kinase and2-5A-synthet"
"101"	"ON563414.3"	"Genbank"	"gene"	46666	47445	NA	"-"	NA	"F4L"	"F4L RNA polymerase 30 kDa subunit RNA polymerase subunit (RPO30) (Cop-E4L) similar to Vaccinia virus strain Copenhagen E4L simultaneously intermediate stage promoter-specific transcription factor%2C VITF-1"
"103"	"ON563414.3"	"Genbank"	"gene"	47563	47964	NA	"+"	NA	"Cop-E5R"	"gbkey=CDS"
"105"	"ON563414.3"	"Genbank"	"gene"	48218	49921	NA	"+"	NA	"F5R"	"F5R Virion protein (Cop-E6R) similar to Vaccinia virus strain Copenhagen E6R"
"107"	"ON563414.3"	"Genbank"	"gene"	50003	50503	NA	"+"	NA	"F6R"	"F6R Myristylated protein (Cop-E7R) similar to Vaccinia virus strain Copenhagen E7R soluble myristylated protein"
"109"	"ON563414.3"	"Genbank"	"gene"	50607	51428	NA	"+"	NA	"F7R"	"ER-localized membrane protein%2C virion core protein (Cop-E8R) F7R similar to Vaccinia virus strain Copenhagen E8R"
"111"	"ON563414.3"	"Genbank"	"gene"	51435	54455	NA	"-"	NA	"F8L"	"DNA polymerase (Cop-E9L) DNA polymerase%2C catalytic subunit F8L similar to Vaccinia virus strain Copenhagen E9L"
"113"	"ON563414.3"	"Genbank"	"gene"	54487	54774	NA	"+"	NA	"F9R"	"F9R Sulfhydryl oxidase (FAD-linked) (Cop-E10R) protein disulfide bond-forming enzyme similar to Vaccinia virus strain Copenhagen E10R"
"115"	"ON563414.3"	"Genbank"	"gene"	54769	55158	NA	"-"	NA	"F10L"	"F10L Virion core protein (Cop-E11L) similar to Vaccinia virus strain Copenhagen E11L virion core protein"
"117"	"ON563414.3"	"Genbank"	"gene"	55145	57142	NA	"-"	NA	"Q1L"	"Membrane protein (Cop-O1L) Q1L similar to Vaccinia virus strain Copenhagen O1L"
"119"	"ON563414.3"	"Genbank"	"gene"	57189	57515	NA	"-"	NA	"Q2L"	"Glutaredoxin 1 (Cop-O2L) Q2L similar to Vaccinia virus strain Copenhagen O2L virion-associated glutaredoxin"
"121"	"ON563414.3"	"Genbank"	"gene"	57662	58600	NA	"-"	NA	"I1L"	"DNA-binding core protein (Cop-I1L) I1L similar toVaccinia virus strain Copenhagen I1L virosomal proteinessential for virus multiplication"
"123"	"ON563414.3"	"Genbank"	"gene"	58607	58828	NA	"-"	NA	"I2L"	"I2L IMV membrane protein (Cop-I2L) similar to Vaccinia virus strain Copenhagen I2L"
"125"	"ON563414.3"	"Genbank"	"gene"	58829	59638	NA	"-"	NA	"I3L"	"I3L interacts with R2 subunit of ribonucleotide reductase similar to Vaccinia virus strain Copenhagen I3L ssDNA-binding phosphoprotein (Cop-I3L) virosomal ssDNA-binding phosphoprotein"
"127"	"ON563414.3"	"Genbank"	"gene"	59720	62035	NA	"-"	NA	"I4L"	"I4L Ribonucleotide reductase large subunit (Cop-I4L) ribonucleotide reductase%2C large subunit%2C R1 similar to Vaccinia virus strain Copenhagen I4L"
"129"	"ON563414.3"	"Genbank"	"gene"	62063	62302	NA	"-"	NA	"I5L"	"I5L IMV protein VP13 (Cop-I5L) IMV surface membrane protein similar to Vaccinia virus strain Copenhagen I5L"
"131"	"ON563414.3"	"Genbank"	"gene"	62321	63469	NA	"-"	NA	"I6L"	"I6L Telomere-binding protein (Cop-I6L) similar toVaccinia virus strain Copenhagen I6L"
"133"	"ON563414.3"	"Genbank"	"gene"	63462	64733	NA	"-"	NA	"I7L"	"I7L Virion core cysteine protease (Cop-I7L) similar to DNA topoisomerase II similar to Vaccinia virus strain Copenhagen I7L virion core protein"
"135"	"ON563414.3"	"Genbank"	"gene"	64739	66769	NA	"+"	NA	"I8R"	"DNA and RNA helicase I8R RNA helicase%2C DExH-NPH-II domain (Cop-I8R) nucleoside triphosphate phosphohydrolase II%2C NPH-II similar to Vaccinia virus strain Copenhagen I8R"
"137"	"ON563414.3"	"Genbank"	"gene"	66773	68548	NA	"-"	NA	"G1L"	"G1L Metalloprotease (Cop-G1L) proteinase similar to Vacciniavirus strain Copenhagen G1L"
"139"	"ON563414.3"	"Genbank"	"gene"	68545	68880	NA	"-"	NA	"G2L"	"Entry/fusion complex component (Cop-G3L) G2L similar to Vaccinia virus strain Copenhagen G3L"
"141"	"ON563414.3"	"Genbank"	"gene"	68874	69536	NA	"+"	NA	"G3R"	"G3R VLTF (late transcription elongation factor) (Cop-G2R) similar to Vaccinia virus strain Copenhagen G2R"
"143"	"ON563414.3"	"Genbank"	"gene"	69506	69880	NA	"-"	NA	"G4L"	"G4L Glutaredoxin-like protein (Cop-G4L) similar to Vaccinia virus strain Copenhagen G4L virion-associated glutaredoxin"
"145"	"ON563414.3"	"Genbank"	"gene"	69883	71187	NA	"+"	NA	"G5R"	"FEN1-like nuclease (Cop-G5R) G5R similar to Vaccinia virus strain Copenhagen G5R"
"147"	"ON563414.3"	"Genbank"	"gene"	71196	71387	NA	"+"	NA	"G6R"	"G6R RNA polymerase subunit (RPO7) (Cop-G5.5R) RNApolymerase%2C 7 kDa subunit"
"149"	"ON563414.3"	"Genbank"	"gene"	71387	71884	NA	"+"	NA	"G7R"	"G7R NLPc/P60 superfamily protein (Cop-G6R) similar to Vaccinia virus strain Copenhagen G6R"
"151"	"ON563414.3"	"Genbank"	"gene"	71849	72964	NA	"-"	NA	"G8L"	"G8L Virion phosphoprotein%2C early morphogenesis (Cop-G7L) similar to Vaccinia virus strain Copenhagen G7L virion protein"
"153"	"ON563414.3"	"Genbank"	"gene"	72995	73777	NA	"+"	NA	"G9R"	"G9R VLTF-1 (late transcription factor 1) (Cop-G8R) late gene transcription factor%2C VLTF-1 similar to Vaccinia virus strain Copenhagen G8R"
"155"	"ON563414.3"	"Genbank"	"gene"	73797	74819	NA	"+"	NA	"G10R"	"Entry/fusion complex component%2C myristylprotein (Cop-G9R) G10R myristylated protein similar to Vaccinia virus strain Copenhagen G9R"
"157"	"ON563414.3"	"Genbank"	"gene"	74820	75572	NA	"+"	NA	"M1R"	"IMV membrane protein (Cop-L1R) M1R myristylated IMV surface membrane protein similar to Vaccinia virus strain Copenhagen L1R"
"159"	"ON563414.3"	"Genbank"	"gene"	75604	75882	NA	"+"	NA	"M2R"	"M2R Viral membrane assembly proteins (VMAP) (Cop-L2R) similar to Vaccinia virus strain Copenhagen L2R"
"161"	"ON563414.3"	"Genbank"	"gene"	75858	76892	NA	"-"	NA	"M3L"	"Internal virion protein (Cop-L3L) M3L similar to Vaccinia virus strain Copenhagen L3L"
"163"	"ON563414.3"	"Genbank"	"gene"	76917	77672	NA	"+"	NA	"M4R"	"M4R similar to Vaccinia virus strain Copenhagen L4R ss/dsDNA binding protein (VP8) (Cop-L4R) ssDNA binding stimulation of I8R helicase activity virion core protein"
"165"	"ON563414.3"	"Genbank"	"gene"	77682	78068	NA	"+"	NA	"M5R"	"Entry and Fusion IMV protein (Cop-L5R) M5R similar to Vaccinia virus strain Copenhagen L5R"
"167"	"ON563414.3"	"Genbank"	"gene"	78025	78483	NA	"+"	NA	"L1R"	"L1R Virion morph (Cop-J1R) similar to Vaccinia virus strain Copenhagen J1R"
"169"	"ON563414.3"	"Genbank"	"gene"	78503	79036	NA	"+"	NA	"L2R"	"L2R Thymidine kinase (Cop-J2R) similar to Vaccinia virus strain Copenhagen J2R thymidine kinase"
"171"	"ON563414.3"	"Genbank"	"gene"	79102	80103	NA	"+"	NA	"L3R"	"L3R Poly (A) polymerase small subunit (VP39) (Cop-J 3R) poly-A polymerase%2C stimulatory subunit%2C simultaneously cap-specific mRNA (nucleoside-O2'-)-methyltransferase similar to Vaccinia virus strain Copenhagen J3R"
"173"	"ON563414.3"	"Genbank"	"gene"	80018	80575	NA	"+"	NA	"L4R"	"L4R RNA polymerase subunit (RPO22) (Cop-J4R) RNA polymerase%2C 22 kDa subunit similar to Vaccinia virus strain Copenhagen J4R"
"175"	"ON563414.3"	"Genbank"	"gene"	80635	81036	NA	"-"	NA	"L5L"	"IMV membrane protein (Cop-J5L) L5L essential for virus multiplication similar to Vaccinia virus strain Copenhagen J5L"
"177"	"ON563414.3"	"Genbank"	"gene"	81143	85003	NA	"+"	NA	"L6R"	"L6R RNA polymerase subunit (RPO147) (Cop-J6R) RNA polymerase%2C 147 kDa subunit similar to Vaccinia virus strain Copenhagen J6R"
"179"	"ON563414.3"	"Genbank"	"gene"	85000	85515	NA	"-"	NA	"H1L"	"H1L Tyr/Ser phosphatase%2C IFN-gamma inhibitor (Cop-H 1L) similar to Vaccinia virus strain Copenhagen H1L tyrosine"
"181"	"ON563414.3"	"Genbank"	"gene"	85529	86098	NA	"+"	NA	"H2R"	"H2R IMV membrane protein (Cop-H2R) similar to Vaccinia virus strain Copenhagen H2R"
"183"	"ON563414.3"	"Genbank"	"gene"	86102	87076	NA	"-"	NA	"H3L"	"H3Lsimilar to Vaccinia virus strain Copenhagen H3L IMV heparin binding surface protein (Cop-H3L) IMVsurface membrane protein"
"185"	"ON563414.3"	"Genbank"	"gene"	87077	89464	NA	"-"	NA	"H4L"	"H4L RAP94 (RNA pol assoc protein) (Cop-H4L) similar to Vaccinia virus strain Copenhagen H4L virion core RNA polymerase-associated protein%2C RAP94"
"187"	"ON563414.3"	"Genbank"	"gene"	89649	90281	NA	"+"	NA	"H5R"	"Ca2+-binding motif H5R VLTF-4 (late transcription factor 4) (Cop-H5R) similar to Vaccinia virus strain Copenhagen H5R virosome-associated late gene transcription factor%2C VLTF-4"
"189"	"ON563414.3"	"Genbank"	"gene"	90282	91226	NA	"+"	NA	"H6R"	"DNA topoisomerase DNA topoisomerase type I (Cop-H6R) H6R similar toVaccinia virus strain Copenhagen H6R"
"191"	"ON563414.3"	"Genbank"	"gene"	91264	91704	NA	"+"	NA	"H7R"	"H7R Viral membrane assembly proteins (VMAP) (Cop-H7R) similar to Vaccinia virus strain Copenhagen H7R"
"193"	"ON563414.3"	"Genbank"	"gene"	91748	94285	NA	"+"	NA	"E1R"	"E1R RNA 5' triphosphatase and RNA guanylyl transferase activities mRNA capping enzyme large subunit (Cop-D1R) mRNA capping enzyme%2C large subunit similar to Vaccinia virus strain Copenhagen D1R"
"195"	"ON563414.3"	"Genbank"	"gene"	94244	94684	NA	"-"	NA	"E2L"	"E2L Virion core (Cop-D2L) similar to Vaccinia virus strain Copenhagen D2L virion core protein"
"197"	"ON563414.3"	"Genbank"	"gene"	94677	95378	NA	"+"	NA	"E3R"	"E3R Virion core (Cop-D3R) similar to Vaccinia virus strain Copenhagen D3R virion core protein"
"199"	"ON563414.3"	"Genbank"	"gene"	95378	96034	NA	"+"	NA	"E4R"	"E4R Uracil-DNA glycosylase%2C DNA polymerase processi vity factor (Cop-D4R) similar to Vaccinia virus strain Copenhagen D4R uracil DNA glycosylase"
"201"	"ON563414.3"	"Genbank"	"gene"	96066	98423	NA	"+"	NA	"E5R"	"E5R NTPase%2C DNA primase (Cop-D5R) nucleic acid-independent nucleoside triphosphatase similar to Vaccinia virus strain Copenhagen D5R"
"203"	"ON563414.3"	"Genbank"	"gene"	98463	100376	NA	"+"	NA	"E6R"	"E6R Morphogenesis%2C VETF-s (early transcription factor small) (Cop-D6R) early transcription factor%2C VETF%2C small subunit similar to Vaccinia virus strain Copenhagen D6R"
"205"	"ON563414.3"	"Genbank"	"gene"	100403	100888	NA	"+"	NA	"E7R"	"E7R RNA polymerase subunit (RPO18) (Cop-D7R) RNA polymerase%2C 18 kDa subunit similar to Vaccinia virus strain Copenhagen D7R"
"207"	"ON563414.3"	"Genbank"	"gene"	100851	101765	NA	"-"	NA	"E8L"	"Carbonic anhydrase%2C GAG-binding IMV membrane protein (Cop-D8L) E8L IMV adsorption to cell surface IMV surface membrane 32 kDa protein binding to cell surface chondroitin sulfate similar to Vaccinia virus strain Copenhagen D8L"
"209"	"ON563414.3"	"Genbank"	"gene"	101807	102448	NA	"+"	NA	"E9R"	"E9R Mut-like mRNA decapping enzyme (Cop-D9R) similar to Vaccinia virus strain Copenhagen D9R"
"211"	"ON563414.3"	"Genbank"	"gene"	102445	103191	NA	"+"	NA	"E10R"	"E10R Mut-like down regulation of gene expression mRNA decapping enzyme (Cop-D10R) similar to Vaccinia virus strain Copenhagen D10R"
"213"	"ON563414.3"	"Genbank"	"gene"	103192	105087	NA	"-"	NA	"E11L"	"ATPase%2C NPH1 (Cop-D11L) DNA-dependent ATPase E11L early gene transcription termination factor nucleoside triphosphate phosphohydrolase I%2C NPH I similar to Vaccinia virus strain Copenhagen D11L"
"215"	"ON563414.3"	"Genbank"	"gene"	105122	105985	NA	"-"	NA	"E12L"	"E12Lsimilar to Vaccinia virus strain Copenhagen D12L mRNA capping enzyme small subunit (Cop-D12L) mRNA(guanine-N7-)-methyl-transferase mRNAcapping enzyme%2C small subunit transcription initiationfactor"
"217"	"ON563414.3"	"Genbank"	"gene"	106016	107671	NA	"-"	NA	"E13L"	"E13L Trimeric virion coat protein (rifampicin res) (Cop-D13L) protein needed for the formation of immature IMV surface membrane similar to Vaccinia virus strain Copenhagen D13L"
"219"	"ON563414.3"	"Genbank"	"gene"	107695	108147	NA	"-"	NA	"A1L"	"A1L VLTF-2 (late transcription factor 2) (Cop-A1L) late gene transcription factor%2C VLTF-2 similar to Vaccinia virus strain Copenhagen A1L"
"221"	"ON563414.3"	"Genbank"	"gene"	108168	108842	NA	"-"	NA	"A2L"	"A2L VLTF-3 (late transcription factor 3) (Cop-A2L) late gene transcription factor%2C VLTF-3 similar to Vaccinia virus strain Copenhagen A2L zinc binding"
"223"	"ON563414.3"	"Genbank"	"gene"	108839	109072	NA	"-"	NA	"A3L"	"A3L S-S bond formation pathway protein (Cop-A2.5L)"
"225"	"ON563414.3"	"Genbank"	"gene"	109087	111021	NA	"-"	NA	"A4L"	"A4L P4b precursor (Cop-A3L) major virion core protein p4b similar to Vaccinia virus strain Copenhagen A3L"
"227"	"ON563414.3"	"Genbank"	"gene"	111074	111919	NA	"-"	NA	"A5L"	"39 kDa immunodominant virion core protein needed for the progression of IV to infectious IMV 39kDa virion core protein (Cop-A4L) A5L similar to Vaccinia virus strain Copenhagen A4L"
"229"	"ON563414.3"	"Genbank"	"gene"	111957	112442	NA	"+"	NA	"A6R"	"A6R RNA polymerase subunit (RPO19) (Cop-A5R) precursor of RNA polymerase 22 kDa and 21 kDa similar to Vaccinia virus strain Copenhagen A5R"
"231"	"ON563414.3"	"Genbank"	"gene"	112439	113557	NA	"-"	NA	"A7L"	"A7L Viral membrane assembly proteins (VMAP)%2C core protein (Cop-A6L) similar to Vaccinia virus strain Copenhagen A6L"
"233"	"ON563414.3"	"Genbank"	"gene"	113581	115713	NA	"-"	NA	"A8L"	"A8L VETF-L (early transcription factor large) (Cop- A7L) early transcription factor%2C VETF%2C large subunit needed for morphogenesis of the virion core similar to Vaccinia virus strain Copenhagen A7L"
"235"	"ON563414.3"	"Genbank"	"gene"	115767	116645	NA	"+"	NA	"A9R"	"A9R VITF-3 34kda subunit (Cop-A8R) intermediate transcription factor%2C VITF-3%2C 34 kDa similar to Vaccinia virus strain Copenhagen A8R"
"237"	"ON563414.3"	"Genbank"	"gene"	116626	116928	NA	"-"	NA	"A10L"	"A10L Viral membrane associated%2C early morphogenesis protein (Cop-A9L) similar to Vaccinia virus strain Copenhagen A9L"
"239"	"ON563414.3"	"Genbank"	"gene"	116929	119604	NA	"-"	NA	"A11L"	"A11L P4a precursor (Cop-A10L) major virion core proteinp4a similar to Vacciniavirus strain Copenhagen A10L"
"241"	"ON563414.3"	"Genbank"	"gene"	119619	120575	NA	"+"	NA	"A12R"	"A12R Viral membrane assembly proteins (VMAP) (Cop-A1 1R) similar to Vaccinia virus strain Copenhagen A11R"
"243"	"ON563414.3"	"Genbank"	"gene"	120577	121149	NA	"-"	NA	"A13L"	"A13L Virion core and cleavage processing protein (Cop-A12L) similar to Vaccinia virus strain Copenhagen A12L virion core protein"
"245"	"ON563414.3"	"Genbank"	"gene"	121173	121385	NA	"-"	NA	"A14L"	"A14L IMV inner and outer membrane protein IMV membrane protein%2C virion maturation (Cop-A1 3L) similar to Vaccinia virus strain Copenhagen A13L"
"247"	"ON563414.3"	"Genbank"	"gene"	121491	121763	NA	"-"	NA	"A15L"	"A15L Essential IMV membrane protein (Cop-A14L) IMV inner membrane protein similar to Vaccinia virus strain Copenhagen A14L"
"249"	"ON563414.3"	"Genbank"	"gene"	121780	121941	NA	"-"	NA	"A15.5L"	"Non-essential IMV membrane protein (Cop-A14.5L)"
"251"	"ON563414.3"	"Genbank"	"gene"	121931	122215	NA	"-"	NA	"A16L"	"A16L Core protein (Cop-A15L) similar to Vaccinia virus strain Copenhagen A15L"
"253"	"ON563414.3"	"Genbank"	"gene"	122199	123332	NA	"-"	NA	"A17L"	"A17L Myristylated protein%2C essential for entry/fusion (Cop-A16L) similar to Vaccinia virus strain Copenhagen A16L soluble myristylated protein"
"255"	"ON563414.3"	"Genbank"	"gene"	123335	123949	NA	"-"	NA	"A18L"	"A18L IMV membrane protein (Cop-A17L) IMV surface membrane protein early function in virion morphgenesis similar to Vaccinia virus strain Copenhagen A17L"
"257"	"ON563414.3"	"Genbank"	"gene"	123964	125442	NA	"+"	NA	"A19R"	"A19R DNA helicase%2C transcript release factor (Cop-A1 8R) post-replicative negative transcription elongation factor similar to Vaccinia virus strain Copenhagen A1 8R virion core associated DNA helicase"
"259"	"ON563414.3"	"Genbank"	"gene"	125423	125656	NA	"-"	NA	"A20L"	"A20L Zinc finger-like protein (Cop-A19L) similar to Vaccinia virus strain Copenhagen A19L"
"261"	"ON563414.3"	"Genbank"	"gene"	125657	126004	NA	"-"	NA	"A21L"	"A21L IMV membrane protein%2C entry/fusion complex component (Cop-A21L) similar to Vaccinia virus strain Copenhagen A21L"
"263"	"ON563414.3"	"Genbank"	"gene"	126003	127283	NA	"+"	NA	"A22R"	"A22R DNA polymerase processivity factor (Cop-A20R) processivity factor for the viral DNA polymerase%2C VPF similar to Vaccinia virus strain Copenhagen A20R"
"265"	"ON563414.3"	"Genbank"	"gene"	127213	127776	NA	"+"	NA	"A23R"	"A23R Holliday junction resolvase (Cop-A22R) similar to Vaccinia virus strain Copenhagen A22R"
"267"	"ON563414.3"	"Genbank"	"gene"	127796	128944	NA	"+"	NA	"A24R"	"A24R VITF-3 45kda subunit (Cop-A23R) intermediate transcription factor%2C VITF-3%2C 45 kDa similar to Vaccinia virus strain Copenhagen A23R"
"269"	"ON563414.3"	"Genbank"	"gene"	128941	132435	NA	"+"	NA	"A25R"	"A25R RNA polymerase subunit (RPO132) (Cop-A24R) RNA polymerase%2C 132 kDa subunit similar to Vaccinia virus strain Copenhagen A24R"
"271"	"ON563414.3"	"Genbank"	"gene"	133217	133444	NA	"-"	NA	"A26L"	"A26L"
"273"	"ON563414.3"	"Genbank"	"gene"	134012	136102	NA	"-"	NA	"A27L"	"A27L"
"275"	"ON563414.3"	"Genbank"	"gene"	136148	137677	NA	"-"	NA	"A28L"	"A28L P4c precursor (Cop-A26L) major component of IMV surface tubules p4c"
"277"	"ON563414.3"	"Genbank"	"gene"	137728	138060	NA	"-"	NA	"A29L"	"A29L IMV surface membrane 14 kDa fusion protein IMV surface protein%2C fusion protein (Cop-A27L) binding to cell surface heparan similar to Vaccinia virus strain Copenhagen A27L"
"279"	"ON563414.3"	"Genbank"	"gene"	138061	138501	NA	"-"	NA	"A30L"	"A30L IMV MP/Virus entry (Cop-A28L) similar to Vaccinia virus strain Copenhagen A28L"
"281"	"ON563414.3"	"Genbank"	"gene"	138502	139419	NA	"-"	NA	"A31L"	"A31L RNA polymerase subunit (RPO35) (Cop-A29L) RNA polymerase%2C 35 kDa subunit similar to Vaccinia virus strain Copenhagen A29L"
"283"	"ON563414.3"	"Genbank"	"gene"	139382	139618	NA	"-"	NA	"A32L"	"A32L IMV protein (Cop-A30L) similar to Vaccinia virus strain Copenhagen A30L"
"285"	"ON563414.3"	"Genbank"	"gene"	139651	139779	NA	"-"	NA	"A32.5L"	"Viral membrane assembly proteins (VMAP) (Cop-A 30.5L)"
"287"	"ON563414.3"	"Genbank"	"gene"	139778	140215	NA	"+"	NA	"A33R"	"A33R Hypothetical protein (Cop-A31R) similar to Vaccinia virus strain Copenhagen A31R"
"289"	"ON563414.3"	"Genbank"	"gene"	140182	141084	NA	"-"	NA	"A34L"	"A34L ATPase/DNA packaging protein (Cop-A32L) DNA packaging into virion NTP-binding motif A similar to Vaccinia virus strain Copenhagen A32L"
"291"	"ON563414.3"	"Genbank"	"gene"	141112	141657	NA	"+"	NA	"A35R"	"A35R EEV envelope glycoprotein%2C needed for formation of actin-containing microvilli and cell-to-cell spread of virion EEV membrane phosphoglycoprotein%2C C-type lectin-like domain (Cop-A33R) interacts with VAC A36R similar to Vaccinia virus strain Copenhagen A33R"
"293"	"ON563414.3"	"Genbank"	"gene"	141662	142168	NA	"+"	NA	"A36R"	"A36R C-type lectin-like IEV/EEV glycoprotein (Cop-A3 4R) EEV envelope glycoprotein%2C lectin-like required for infectivity of EEV%2C formation of actin-containing microvilli%2C and cell-to-cell spread of virion similar to Vaccinia virus strain Copenhagen A3 4R"
"295"	"ON563414.3"	"Genbank"	"gene"	142212	142742	NA	"+"	NA	"A37R"	"A37R MHC class II antigen presentation inhibitor (Cop-A35R) similar to Vaccinia virus strain Copenhagen A35R"
"297"	"ON563414.3"	"Genbank"	"gene"	142788	143474	NA	"+"	NA	"A38R"	"A38R IEV but not CEV envelope protein IEV transmembrane phosphoprotein (Cop-A36R) interacts with VAC A33R and A34R plays critical role for actin tail formation similar to Vaccinia virus strain Copenhagen A36R"
"299"	"ON563414.3"	"Genbank"	"gene"	143526	144332	NA	"+"	NA	"A39R"	"A39R Hypothetical protein (Cop-A37R) similar to Vaccinia virus strain Copenhagen A37R"
"301"	"ON563414.3"	"Genbank"	"gene"	144584	145417	NA	"-"	NA	"A40L"	"A40L CD47-like%2C integral membrane protein (Cop-A38L) immunoglobulin-like integral membrane glycoprotein regulation of the influx of extracellular Ca2+ similar to Vaccinia virus strain Copenhagen A38L"
"303"	"ON563414.3"	"Genbank"	"gene"	146123	146788	NA	"-"	NA	"A41L"	"A41L Chemokine binding protein (Cop-A41L) secreted proteinreducing infiltration of inflammatory cells into theinfected area similarto Vaccinia virus strain Copenhagen A41L"
"305"	"ON563414.3"	"Genbank"	"gene"	146998	147399	NA	"+"	NA	"A42R"	"A42R Profilin-like protein%2C ATI-localized (Cop-A42R) profilin-like similar to Vaccinia virus strain Copenhagen A42R"
"307"	"ON563414.3"	"Genbank"	"gene"	147437	148027	NA	"+"	NA	"A43R"	"A43R Type I membrane glycoprotein (Cop-A43R) membrane glycoprotein similar to Vaccinia virus strain Copenhagen A43R"
"309"	"ON563414.3"	"Genbank"	"gene"	148047	148271	NA	"+"	NA	"A44R"	"A44R Hypothetical protein (Cop-A43.5R)"
"311"	"ON563414.3"	"Genbank"	"gene"	148365	149405	NA	"-"	NA	"A45L"	"3 beta-hydroxysteroid dehydrogenase/delta 5->4 isomerase (Cop-A44L) 3-b-Hydroxy-delta5-steroid dehydrogenase A45L similar to Vaccinia virus strain Copenhagen A44L"
"313"	"ON563414.3"	"Genbank"	"gene"	149452	149829	NA	"+"	NA	"A46R"	"A46R Inactive Cu-Zn superoxide dismutase-like virion protein (Cop-A45R) similar to Vaccinia virus strain Copenhagen A45R superoxide dismutase-like virion core protein"
"315"	"ON563414.3"	"Genbank"	"gene"	149819	150541	NA	"+"	NA	"A47R"	"A47R IL-1/TLR signaling inhibitor (Cop-A46R) similar to Vaccinia virus strain Copenhagen A46R"
"317"	"ON563414.3"	"Genbank"	"gene"	151502	152116	NA	"+"	NA	"A49R"	"A49R Thymidylate kinase (Cop-A48R) similar to Vaccinia virus strain Copenhagen A48R thymidylate kinase"
"319"	"ON563414.3"	"Genbank"	"gene"	152685	154364	NA	"+"	NA	"A50R"	"A50R ATP-dependent DNA ligase (Cop-A50R) DNA ligase similar to Vaccinia virus strain Copenhagen A50R"
"321"	"ON563414.3"	"Genbank"	"gene"	154405	155409	NA	"+"	NA	"A51R"	"A51R Hypothetical protein (Cop-A51R) similar to Vaccinia virus strain Copenhagen A51R"
"323"	"ON563414.3"	"Genbank"	"gene"	158465	158860	NA	"+"	NA	"B1R"	"B1R kelch-like"
"325"	"ON563414.3"	"Genbank"	"gene"	158910	159851	NA	"+"	NA	"B2R"	"B2R EEV envelope and cell membrane glycoprotein hemagglutinin Hemagglutinin (Cop-A56R) inhibition of the ability of infected cells to fuse interacts with VAC F13L similar to Vaccinia virus strain Copenhagen A56R"
"327"	"ON563414.3"	"Genbank"	"gene"	160615	161526	NA	"+"	NA	"B3R"	"B3R Ser/Thr Kinase (Cop-B1R) serine similar to Vaccinia virus strain Copenhagen B1R"
"329"	"ON563414.3"	"Genbank"	"gene"	161589	163100	NA	"+"	NA	"B4R"	"B4R Schlafen (Cop-B2R) schlafen-like"
"331"	"ON563414.3"	"Genbank"	"gene"	163326	165011	NA	"+"	NA	"B5R"	"Ankyrin (Cop-B4R) B5R ankyrin-like similar to Vaccinia virus strain Copenhagen B4R"
"333"	"ON563414.3"	"Genbank"	"gene"	165115	166068	NA	"+"	NA	"B6R"	"B6R EEV type-1 membrane glycoprotein%2C protective antigen (Cop-B5R) complement control protein-like palmitated 42 kDa glycoprotein located both on the membranes of infected cells and on EEV envelope similar to Vaccinia virus strain Copenhagen B5R"
"335"	"ON563414.3"	"Genbank"	"gene"	166154	166660	NA	"+"	NA	"B7R"	"Ankyrin-like protein (Cop-B6R) B7R similar to Vaccinia virus strain Copenhagen B6R"
"337"	"ON563414.3"	"Genbank"	"gene"	166724	167272	NA	"+"	NA	"B8R"	"B8R Virulence%2C ER resident (Cop-B7R) similar to Vaccinia virus strain Copenhagen B7R"
"339"	"ON563414.3"	"Genbank"	"gene"	167327	168130	NA	"+"	NA	"B9R"	"B9Rsimilar to Vaccinia virus strain Copenhagen B8R Soluble IFN-g receptor-like protein (Cop-B8R) secretedIFN-g binding protein"
"341"	"ON563414.3"	"Genbank"	"gene"	168223	168888	NA	"+"	NA	"B10R"	"B10R ER-localized apoptosis regulator (Cop-B9R) shope fibroma virus T4 protein-like"
"343"	"ON563414.3"	"Genbank"	"gene"	169663	169965	NA	"+"	NA	"COP-B11R"	"gbkey=CDS"
"345"	"ON563414.3"	"Genbank"	"gene"	170031	170879	NA	"+"	NA	"B11R"	"B11R Ser/Thr Kinase (Cop-B12R) protein kinase-like similar to Vaccinia virus strain Copenhagen B12R"
"347"	"ON563414.3"	"Genbank"	"gene"	170981	172015	NA	"+"	NA	"B12R"	"B12R SPI-2 Serpin 1%2C2%2C3 (Cop-K2L) apoptosis inhibition inhibition of the IL-1b converting enzyme serine protease inhibitor-like%2C SPI-2"
"349"	"ON563414.3"	"Genbank"	"gene"	172143	172592	NA	"+"	NA	"B13R"	"B13R Hypothetical protein (Cop-C16L) similar to Vaccinia virus strain Copenhagen B15R"
"351"	"ON563414.3"	"Genbank"	"gene"	172678	173220	NA	"+"	NA	"B14R"	"B14R IL-1 beta receptor (Cop-B16R) inhibition of virus infection induced fever secreted IL-1b binding protein similar to Vaccinia virus strain Copenhagen B16R"
"353"	"ON563414.3"	"Genbank"	"gene"	173741	173821	NA	"-"	NA	"B15L"	"B15L"
"355"	"ON563414.3"	"Genbank"	"gene"	174529	175584	NA	"+"	NA	"B16R"	"B16R IFN-alpha/beta receptor glycoprotein (Cop-B19R) cell surface antigen and secreted IFN-a similar to Vaccinia virus strain Copenhagen B19R"
"357"	"ON563414.3"	"Genbank"	"gene"	175653	178016	NA	"+"	NA	"B17R"	"Ankyrin (Cop-B20R) B17R ankyrin-like"
"359"	"ON563414.3"	"Genbank"	"gene"	178158	178412	NA	"+"	NA	"B18R"	"B18R kelch-like fragment"
"361"	"ON563414.3"	"Genbank"	"gene"	179245	180318	NA	"+"	NA	"B19R"	"B19R SPI-1 Serpin 1%2C2%2C3 (Cop-K2L) apoptosis inhibition serine protease inhibitor-like%2C SPI-1"
"363"	"ON563414.3"	"Genbank"	"gene"	180497	181069	NA	"+"	NA	"B20R"	"B20R Hypothetical protein (Cop-C14L)"
"365"	"ON563414.3"	"Genbank"	"gene"	181335	186977	NA	"+"	NA	"B21R"	"B21R Surface glycoprotein cadherin-like domain putative membrane-associated glycoprotein"
"367"	"ON563414.3"	"Genbank"	"gene"	188657	188974	NA	"+"	NA	"R1R"	"R1R"
"369"	"ON563414.3"	"Genbank"	"gene"	189178	189639	NA	"+"	NA	"N1R"	"Hypothetical protein (Cop-C16L) N1R VAC B15R-like similar to Vaccinia virus strain Copenhagen B22R"
"371"	"ON563414.3"	"Genbank"	"gene"	190076	190297	NA	"+"	NA	"N2R"	"MPV-Z-N2R"
"373"	"ON563414.3"	"Genbank"	"gene"	190389	190919	NA	"+"	NA	"N3R"	"N3R"
"376"	"ON563414.3"	"Genbank"	"gene"	191033	192346	NA	"+"	NA	"N4R"	"Ankyrin (CPXV-017) N4R ankyrin-like"
"378"	"ON563414.3"	"Genbank"	"gene"	192582	194348	NA	"+"	NA	"J1R"	"Ankyrin (Cop-C19L) J1R ankyrin-like"
"380"	"ON563414.3"	"Genbank"	"gene"	194438	195487	NA	"+"	NA	"J2R"	"J2R TNF receptor (CrmB) (Cop-C22L) secreted TNF binding protein"
"382"	"ON563414.3"	"Genbank"	"gene"	195614	196354	NA	"+"	NA	"J3R"	"CC-chemokine binding Chemokine binding protein (Cop-C23L) J3R similar to Vaccinia virus strain Copenhagen B29R"
